err,ip_re,ip_abs
0.0,0.9874470666064498,0.9997902789697485
0.0005005005005005005,0.9846047673906764,0.9970566342039398
0.001001001001001001,0.9834428458161923,0.9955320338374157
0.0015015015015015015,0.98141701816374,0.9927848750666378
0.002002002002002002,0.977797063264082,0.9897446915349376
0.0025025025025025025,0.9760016539989966,0.9887378460226386
0.003003003003003003,0.9735191778993756,0.9863638294261281
0.0035035035035035035,0.9719708967373875,0.9838490007900392
0.004004004004004004,0.9689814773298424,0.9810537285172061
0.0045045045045045045,0.9668248997696788,0.9792284777737231
0.005005005005005005,0.9674050092920604,0.9792471015689175
0.0055055055055055055,0.962794234116418,0.9754859320994504
0.006006006006006006,0.9631267211339974,0.9752707757701725
0.0065065065065065065,0.956274395846086,0.9699698671640034
0.007007007007007007,0.9559290257526731,0.9681344270545483
0.0075075075075075074,0.9510468839092928,0.963809409063024
0.008008008008008008,0.9549408626548882,0.9658102815158515
0.00850850850850851,0.9510821841990864,0.9626487764485021
0.009009009009009009,0.9507164577326455,0.9631205200516432
0.00950950950950951,0.9453957670816933,0.9575387633280017
0.01001001001001001,0.946289055148843,0.9572084557228607
0.010510510510510511,0.941954858218333,0.9540352849464243
0.011011011011011011,0.9385344989670522,0.9504082082724623
0.011511511511511512,0.9396902115033821,0.9520028891875133
0.012012012012012012,0.9335224820342265,0.9468209689405319
0.012512512512512513,0.9323792427213844,0.9449378473270647
0.013013013013013013,0.9327034159677137,0.9448355932168866
0.013513513513513514,0.9308276674999933,0.942006104423032
0.014014014014014014,0.9316966186024573,0.9431009100061265
0.014514514514514515,0.9230530431594681,0.9353066722798588
0.015015015015015015,0.9247423567598547,0.9367519816825628
0.015515515515515516,0.9206778334472534,0.9320461341674884
0.016016016016016016,0.9216774314292353,0.932562459045897
0.016516516516516516,0.9231054164855295,0.9329742451707779
0.01701701701701702,0.915515514612694,0.9255446296329989
0.017517517517517518,0.9102025857098283,0.9228717973248268
0.018018018018018018,0.9117706442652274,0.9243110806115454
0.018518518518518517,0.912110777957987,0.924737915730044
0.01901901901901902,0.9083029151927233,0.9186480889393949
0.01951951951951952,0.9025815116487428,0.9155368924400491
0.02002002002002002,0.9047712543326835,0.9119162194225786
0.02052052052052052,0.900352972046737,0.9136251938228523
0.021021021021021023,0.8975267351879512,0.910019997104956
0.021521521521521522,0.9009211612286674,0.9107968693345618
0.022022022022022022,0.8989472581536291,0.9113544439799975
0.02252252252252252,0.8921987329845597,0.9039991493214076
0.023023023023023025,0.8917288228470766,0.9028397770513406
0.023523523523523524,0.8913923386208604,0.9029419309636347
0.024024024024024024,0.8827492096373877,0.8949523405166264
0.024524524524524523,0.8826377607282317,0.8951692741993762
0.025025025025025027,0.885214635226534,0.893459071366327
0.025525525525525526,0.8881223112434835,0.9003152038083715
0.026026026026026026,0.8784357444428891,0.891240452257585
0.026526526526526525,0.8680749113398187,0.884657700664725
0.02702702702702703,0.8746276062342218,0.8852290403958242
0.027527527527527528,0.8758591782406827,0.8866759045375535
0.028028028028028028,0.8691652657733491,0.8804345423356769
0.028528528528528527,0.8706174548811203,0.8807418853892595
0.02902902902902903,0.8698477578087727,0.8785990562507792
0.02952952952952953,0.8669071981648405,0.8807595929570753
0.03003003003003003,0.85870420243581,0.8722732547399181
0.03053053053053053,0.8654565696667026,0.8715496564311923
0.031031031031031032,0.8683174536299312,0.8782312200792074
0.03153153153153153,0.8564294441935685,0.8690556657279109
0.03203203203203203,0.870265359724881,0.8769737532850242
0.032532532532532535,0.8488548734471884,0.8637373539751776
0.03303303303303303,0.8593031553672177,0.8660260685888972
0.033533533533533534,0.8465747975584277,0.8571195991726824
0.03403403403403404,0.8507011669497,0.85921144992688
0.03453453453453453,0.8302474236411626,0.8441733443092581
0.035035035035035036,0.8413233490598444,0.8512785316201676
0.03553553553553553,0.8421829650195751,0.854456023037163
0.036036036036036036,0.8510448350721356,0.8586949510816604
0.03653653653653654,0.8395200049487118,0.8502094723975283
0.037037037037037035,0.8417420222156604,0.8547435502530756
0.03753753753753754,0.8367869135727202,0.8440949605665157
0.03803803803803804,0.8485157085080935,0.8571824227656293
0.03853853853853854,0.8225716647322203,0.8319052135173769
0.03903903903903904,0.8292800820088615,0.8420279490917443
0.03953953953953954,0.8209064725425698,0.8291377040088476
0.04004004004004004,0.821154149973941,0.8334539207888352
0.04054054054054054,0.8126892555650433,0.8227276705862124
0.04104104104104104,0.8308998508963035,0.8434538690944897
0.04154154154154154,0.818965822662097,0.8276155245085454
0.042042042042042045,0.8226530399901065,0.8386045920684017
0.04254254254254254,0.8183720760403093,0.8270636014960635
0.043043043043043044,0.8071893207806522,0.8247958113516702
0.04354354354354354,0.8064179759852306,0.8177602298389587
0.044044044044044044,0.7979435264729431,0.8071252336252278
0.04454454454454455,0.8139112700120343,0.8259413780592749
0.04504504504504504,0.7957073238451422,0.8066887182859789
0.045545545545545546,0.7991191486269364,0.8162520177276644
0.04604604604604605,0.8082127576370551,0.8196727409157433
0.046546546546546545,0.8056571102612772,0.8101891156104719
0.04704704704704705,0.8004652967969349,0.8114956169313818
0.047547547547547545,0.7892956866202682,0.7988276319472619
0.04804804804804805,0.7966401911361323,0.806189402979528
0.04854854854854855,0.7925899891311143,0.8019203567926201
0.04904904904904905,0.7932020799569788,0.8046365685100906
0.04954954954954955,0.7976565764318906,0.8059214810638952
0.05005005005005005,0.8066959001709981,0.8108013442569794
0.05055055055055055,0.7884825568049434,0.8004257033728845
0.05105105105105105,0.7756777946837339,0.7841107474327768
0.05155155155155155,0.7913428786450103,0.8041302052560882
0.05205205205205205,0.7870146302314678,0.798696596496357
0.052552552552552555,0.7762567111705828,0.7873253124859441
0.05305305305305305,0.7893991600485377,0.7958629021373747
0.053553553553553554,0.780112088570446,0.7889816562712746
0.05405405405405406,0.771925769445523,0.7789379196486784
0.05455455455455455,0.7718878672731633,0.7844072614787594
0.055055055055055056,0.7796324187213857,0.787979035738927
0.05555555555555555,0.7770174990020611,0.7863038782182197
0.056056056056056056,0.7763733411513021,0.784317890695512
0.05655655655655656,0.7579094497765566,0.7651054579567776
0.057057057057057055,0.773101056401432,0.7823308324958824
0.05755755755755756,0.7647363459677552,0.7716630974283063
0.05805805805805806,0.7721391772809851,0.7814628145757436
0.05855855855855856,0.7673400128393477,0.7793644188350122
0.05905905905905906,0.7600150208470005,0.770906226304716
0.059559559559559556,0.7423734226426002,0.7518066207037364
0.06006006006006006,0.7495591943734359,0.7619604092942994
0.06056056056056056,0.7690307206103105,0.7788098735025906
0.06106106106106106,0.7467518712866001,0.7535659266937081
0.06156156156156156,0.7568984152852485,0.7712958419386378
0.062062062062062065,0.7691011637015224,0.7788448798925877
0.06256256256256257,0.747209482297375,0.7535690393710909
0.06306306306306306,0.7502200373620292,0.7549742222809028
0.06356356356356356,0.7470000700974864,0.754132793679449
0.06406406406406406,0.7469771347265663,0.7547831794649656
0.06456456456456457,0.7419575954587905,0.7460114065089242
0.06506506506506507,0.7311487749616894,0.7440374648231894
0.06556556556556556,0.7130600829022296,0.7236229085407037
0.06606606606606606,0.7528039289277456,0.7576628251654736
0.06656656656656657,0.7374097730247577,0.750109644316997
0.06706706706706707,0.7248201460173601,0.7386620843556967
0.06756756756756757,0.7443288606186207,0.7511980518373066
0.06806806806806807,0.723343930462522,0.7257518923200501
0.06856856856856856,0.7283453161825533,0.7355998364685533
0.06906906906906907,0.7309250133698049,0.741949758013014
0.06956956956956957,0.7410945891156889,0.7514359296170842
0.07007007007007007,0.7266076561612916,0.7329654022205844
0.07057057057057058,0.7410113682842921,0.753296615683632
0.07107107107107107,0.7250581713543247,0.7307049663040392
0.07157157157157157,0.7156168068583459,0.723029944253218
0.07207207207207207,0.709254212945953,0.7176321102432667
0.07257257257257257,0.7407367125928799,0.7447949923595306
0.07307307307307308,0.7253171450339402,0.7363228489907183
0.07357357357357357,0.7146130407414082,0.723781595388002
0.07407407407407407,0.7231700395291796,0.7310091991920487
0.07457457457457457,0.6972590925076598,0.7117675856075102
0.07507507507507508,0.7124844485581852,0.7200972293526847
0.07557557557557558,0.7069473251569899,0.7100760129315573
0.07607607607607608,0.7015778619374615,0.7121344098529178
0.07657657657657657,0.703743819232861,0.7115471754724717
0.07707707707707707,0.717304487697873,0.7248377563048488
0.07757757757757758,0.6974757658988324,0.7099055160342876
0.07807807807807808,0.6940418530821573,0.7012423897012724
0.07857857857857858,0.6656770045377626,0.6760696320984412
0.07907907907907907,0.7050930550430348,0.7119729695235064
0.07957957957957958,0.6802518352650397,0.6934115031047831
0.08008008008008008,0.6743864753964437,0.6833292720570605
0.08058058058058058,0.6846132364128458,0.6923213994413636
0.08108108108108109,0.7010613836379047,0.7066039410465721
0.08158158158158157,0.6801629969146996,0.6881762364148195
0.08208208208208208,0.6688819364151375,0.6774583961985056
0.08258258258258258,0.6864175044014666,0.6953576478921502
0.08308308308308308,0.6721317514184503,0.6799054983758694
0.08358358358358359,0.6814925665437608,0.6855338251556163
0.08408408408408409,0.6752108770367009,0.6906452125883733
0.08458458458458458,0.6920864483591141,0.7014365518360216
0.08508508508508508,0.6622265093654833,0.6700878628263052
0.08558558558558559,0.6873918315488795,0.6932206873975478
0.08608608608608609,0.662786549653863,0.6682230645948747
0.08658658658658659,0.6645938936653162,0.6700367441427026
0.08708708708708708,0.6684460994976977,0.6762803581952976
0.08758758758758758,0.6604038246322431,0.6634256337470328
0.08808808808808809,0.6677229759594532,0.6771175646885117
0.08858858858858859,0.6378183608845519,0.649250269938416
0.0890890890890891,0.6737223816001567,0.6872043586302654
0.08958958958958958,0.6786751459213308,0.6848516184272748
0.09009009009009009,0.6485921151699073,0.6620096155142253
0.09059059059059059,0.6421500647327605,0.6507235196071033
0.09109109109109109,0.6521982331116707,0.6574232155730849
0.0915915915915916,0.6382445525149835,0.6458826523193767
0.0920920920920921,0.6787091466538904,0.6879059044851714
0.09259259259259259,0.6727374415741754,0.6770461073825492
0.09309309309309309,0.6398840795495935,0.6500908877831199
0.0935935935935936,0.6459149574151635,0.6542444094081478
0.0940940940940941,0.6642979119737991,0.6691886748066882
0.0945945945945946,0.6522453742870906,0.6653849121071904
0.09509509509509509,0.6628633764090316,0.6664713406233717
0.09559559559559559,0.645465937579939,0.6533493249833209
0.0960960960960961,0.6460195821599486,0.6503444753134603
0.0965965965965966,0.6362639032835709,0.6512929441650108
0.0970970970970971,0.6439124538674248,0.6527558219832879
0.09759759759759759,0.6393824288035056,0.6484899059241857
0.0980980980980981,0.6324299882052704,0.642365117277986
0.0985985985985986,0.6402853254405457,0.6576042607780239
0.0990990990990991,0.644166267195079,0.6491279030123567
0.0995995995995996,0.6481194554801326,0.656846987686341
0.1001001001001001,0.6374322964483171,0.6406367117057967
0.1006006006006006,0.635282966705913,0.6426855677203949
0.1011011011011011,0.6410137735123196,0.6485215449265205
0.1016016016016016,0.6270915392416234,0.6331974734331193
0.1021021021021021,0.6454919624545218,0.6544987455616568
0.10260260260260261,0.6518615373713683,0.6570388792079797
0.1031031031031031,0.63580811911728,0.6459145769096043
0.1036036036036036,0.6556338845694981,0.6613174411481647
0.1041041041041041,0.6160398009607493,0.6212648407953987
0.1046046046046046,0.6190238140970519,0.6263358917232704
0.10510510510510511,0.64346554012635,0.6539189328049835
0.10560560560560561,0.6152233134912949,0.6268691006909569
0.1061061061061061,0.6412526217733552,0.6476328826823616
0.1066066066066066,0.6154370338559537,0.6281204830508725
0.10710710710710711,0.5895442334029011,0.5963632761844828
0.10760760760760761,0.6025157267129182,0.6100368940450309
0.10810810810810811,0.621209908791072,0.6311440034593202
0.1086086086086086,0.6107053224344101,0.6214159807295758
0.1091091091091091,0.5868142568043747,0.5988515551540189
0.10960960960960961,0.5856046479164111,0.5958568285088066
0.11011011011011011,0.6167204348085856,0.6240911079364987
0.11061061061061062,0.6036872981471946,0.6132561451013686
0.1111111111111111,0.5920457665625514,0.6014670860458438
0.11161161161161161,0.6194648175486774,0.6252589660913868
0.11211211211211211,0.6149034167135861,0.6182966198658375
0.11261261261261261,0.5841481981103529,0.5994887997688677
0.11311311311311312,0.5698450570952855,0.5767076048116669
0.11361361361361362,0.6295850293074824,0.638973381627645
0.11411411411411411,0.5828289662900707,0.5870766456482384
0.11461461461461461,0.6068523941094763,0.6085584702042584
0.11511511511511512,0.5843204389573957,0.5933865592981059
0.11561561561561562,0.6000008198017557,0.6058101278302143
0.11611611611611612,0.5995059306214876,0.6124851478619706
0.11661661661661661,0.5758168236619375,0.5789057098401508
0.11711711711711711,0.56202234836161,0.5690245672296828
0.11761761761761762,0.5926166131221479,0.5950941865769923
0.11811811811811812,0.5596575082417337,0.5742573777051225
0.11861861861861862,0.6048710292279229,0.6089077314226189
0.11911911911911911,0.5648888128104815,0.57284447804302
0.11961961961961962,0.5742150338441181,0.5812287284058745
0.12012012012012012,0.5961308552135353,0.5980837990151142
0.12062062062062062,0.5820979327781676,0.5898702822634855
0.12112112112112113,0.5680821234051828,0.5765760438206612
0.12162162162162163,0.5811908830365655,0.5925945397567506
0.12212212212212212,0.5920002148349698,0.6035730670516047
0.12262262262262262,0.5923701364027547,0.6017902715557141
0.12312312312312312,0.5924671262270327,0.6025559915545461
0.12362362362362363,0.5737831522762267,0.5793744810930558
0.12412412412412413,0.554696896801108,0.5590346326867
0.12462462462462462,0.5713989051878838,0.5770617244886256
0.12512512512512514,0.5507791478515446,0.5691270921007024
0.12562562562562563,0.5581020302248617,0.5678420370617693
0.12612612612612611,0.5612271553791621,0.5650112732546526
0.12662662662662663,0.5582302749977933,0.5662669490613291
0.12712712712712712,0.5860667337776646,0.5947710952079309
0.12762762762762764,0.5566088392050894,0.565984383799383
0.12812812812812813,0.5818759260914856,0.5952145372315205
0.12862862862862862,0.5712668594320811,0.5765605098444341
0.12912912912912913,0.566437910510548,0.5717202791163143
0.12962962962962962,0.5353251668267582,0.5394887789598485
0.13013013013013014,0.5311230504809321,0.5414206211599131
0.13063063063063063,0.5541462569804425,0.5658821263662517
0.13113113113113112,0.5362494457179329,0.5512211253582106
0.13163163163163163,0.5525500878584363,0.5606955746930301
0.13213213213213212,0.5534638725189158,0.5678144082421722
0.13263263263263264,0.5288569312726252,0.5404326411064551
0.13313313313313313,0.5569725353896168,0.5670019375313935
0.13363363363363365,0.5283600822173755,0.5388210678413143
0.13413413413413414,0.5501506818296565,0.5539498249317489
0.13463463463463463,0.54883366925032,0.5596473532073543
0.13513513513513514,0.5631170279375082,0.5692831100890932
0.13563563563563563,0.5325803155120222,0.5385265129584044
0.13613613613613615,0.5416642277252414,0.5504241462436996
0.13663663663663664,0.5479923358980652,0.5507471932122512
0.13713713713713713,0.5489104733565968,0.5568436466366468
0.13763763763763764,0.5359194336866964,0.5403562684139602
0.13813813813813813,0.5332614071296613,0.5425931027130269
0.13863863863863865,0.5483047156414086,0.5567588597151191
0.13913913913913914,0.5640759952405913,0.5726123515215167
0.13963963963963963,0.5329783009986623,0.5408168792994237
0.14014014014014015,0.5512716144989334,0.5602578340894069
0.14064064064064064,0.5843999922424482,0.5915304117136837
0.14114114114114115,0.513159921080613,0.5186053184590498
0.14164164164164164,0.5348030599833903,0.5406556978457788
0.14214214214214213,0.5138275148557031,0.5314315799076189
0.14264264264264265,0.5125978060944605,0.5202672895726825
0.14314314314314314,0.5244757428189781,0.5299951148122072
0.14364364364364365,0.5089398276712569,0.5133595070477067
0.14414414414414414,0.5632969534189529,0.568062875697336
0.14464464464464463,0.5281885257871468,0.5391333974739817
0.14514514514514515,0.52182248591006,0.5273604557157668
0.14564564564564564,0.5406671504566176,0.5509013690735718
0.14614614614614616,0.5291862382821864,0.5322338954412252
0.14664664664664664,0.5131675159461506,0.5178325978748461
0.14714714714714713,0.525963278742313,0.5305548073813123
0.14764764764764765,0.5203503753534227,0.5250757984135618
0.14814814814814814,0.507506472673765,0.5140214864499266
0.14864864864864866,0.510882653307032,0.5201622785509031
0.14914914914914915,0.5313148242188048,0.5349328990235162
0.14964964964964966,0.4906303644520304,0.4948626407045345
0.15015015015015015,0.5026778003434488,0.5176353428625572
0.15065065065065064,0.522469362519176,0.525772881206891
0.15115115115115116,0.5058414583001796,0.5110698398242708
0.15165165165165165,0.5036412304163879,0.5170948892935765
0.15215215215215216,0.49377850377446797,0.49495357398013207
0.15265265265265265,0.520975600085487,0.5322468301399738
0.15315315315315314,0.5063653446157561,0.5139992427663291
0.15365365365365366,0.5190793760179508,0.5303379386841028
0.15415415415415415,0.5010079579500737,0.5110557844492746
0.15465465465465467,0.5258911132147659,0.5328354371624228
0.15515515515515516,0.4976772964627869,0.5014435854139055
0.15565565565565564,0.47601503797110384,0.48358895756268905
0.15615615615615616,0.4513109706873711,0.46162658858698136
0.15665665665665665,0.5091997158886881,0.5163110533705163
0.15715715715715717,0.48040731357031197,0.4936229748967743
0.15765765765765766,0.49524722057273685,0.5007759242980804
0.15815815815815815,0.4638835959325649,0.48067022163434414
0.15865865865865866,0.46742951162351154,0.47625131491647754
0.15915915915915915,0.476499485470329,0.483221765683286
0.15965965965965967,0.4887363109702826,0.502114574971288
0.16016016016016016,0.514495715516638,0.5208259419692813
0.16066066066066065,0.49445215846254265,0.49889641329544565
0.16116116116116116,0.4993206068104955,0.5000642055000555
0.16166166166166165,0.4783186689187636,0.48309306965870397
0.16216216216216217,0.46658935033901394,0.477474898210971
0.16266266266266266,0.4716941635852223,0.47803491433966716
0.16316316316316315,0.4693495866301462,0.4812722808715978
0.16366366366366367,0.47691891425113936,0.48752834858573874
0.16416416416416416,0.47143778462198327,0.4827897695456052
0.16466466466466467,0.45396962640568594,0.4572357456403624
0.16516516516516516,0.4893045093535238,0.4926430375555274
0.16566566566566568,0.4496401202914161,0.4556392286341825
0.16616616616616617,0.4676615134348484,0.47352096070308664
0.16666666666666666,0.5079829904243763,0.5157156764660948
0.16716716716716717,0.496219346500849,0.5046435180589911
0.16766766766766766,0.48614044263249645,0.4942690863319334
0.16816816816816818,0.45027714357760096,0.4656458022785093
0.16866866866866867,0.49849203361588845,0.5032162508136959
0.16916916916916916,0.45621796940592885,0.4633526246549065
0.16966966966966968,0.48268796949386583,0.48959369586260415
0.17017017017017017,0.4578626213375019,0.46797854445921894
0.17067067067067068,0.46683510039176185,0.47496538623096074
0.17117117117117117,0.4663030101574969,0.46758557899206576
0.17167167167167166,0.4385708632008815,0.44863934432956426
0.17217217217217218,0.4576879713599754,0.4650818590609827
0.17267267267267267,0.4884218204799522,0.4959790287054986
0.17317317317317318,0.46931292455989004,0.4821955209741493
0.17367367367367367,0.48089227235351795,0.4924358778030871
0.17417417417417416,0.4844580424000621,0.48454440949302713
0.17467467467467468,0.46350243286323467,0.46685209320172216
0.17517517517517517,0.4904189630847782,0.4988317026992004
0.17567567567567569,0.4625792718469298,0.4684075435917732
0.17617617617617617,0.47115565518672475,0.4762793119177981
0.17667667667667666,0.4775466402928657,0.4783998951745221
0.17717717717717718,0.4833127887937638,0.48481248630461016
0.17767767767767767,0.4737935421490363,0.47898633877856994
0.1781781781781782,0.458768987902716,0.46045830613342503
0.17867867867867868,0.4927349806021871,0.4976130646704278
0.17917917917917917,0.442687550741505,0.44724912738228917
0.17967967967967968,0.4494186614840937,0.45764470777628735
0.18018018018018017,0.4594714085964989,0.46588475476816593
0.1806806806806807,0.4601867737661233,0.4651604911850959
0.18118118118118118,0.44106303113796824,0.44562500528864507
0.1816816816816817,0.4190547614729069,0.43664388060841164
0.18218218218218218,0.39595088727659183,0.4085006607678495
0.18268268268268267,0.42890863968556203,0.43437960314181673
0.1831831831831832,0.4577166844717639,0.4697377864840325
0.18368368368368368,0.4536696068562006,0.47129194290005044
0.1841841841841842,0.4209075101939521,0.4257440928095083
0.18468468468468469,0.4241557155873411,0.43103350848601824
0.18518518518518517,0.44559662405129263,0.45104399897941977
0.1856856856856857,0.43333299115587126,0.4347217176222721
0.18618618618618618,0.429377996934304,0.4351273817519041
0.1866866866866867,0.4775379336265938,0.47895692717418104
0.1871871871871872,0.4578214478627271,0.46241719782539187
0.18768768768768768,0.447720228015456,0.4584028935429679
0.1881881881881882,0.4296318446466364,0.43302396025045164
0.18868868868868868,0.4493116570523614,0.45856888162842463
0.1891891891891892,0.42435591387162286,0.43251142676619303
0.1896896896896897,0.4530831157234319,0.4602025984658573
0.19019019019019018,0.47724946299521054,0.4807581082256603
0.1906906906906907,0.40571007589892916,0.41378881059825884
0.19119119119119118,0.4012831659677661,0.40203157944092655
0.1916916916916917,0.4179179262567574,0.4230565944560663
0.1921921921921922,0.43538717168009067,0.4420808795818911
0.19269269269269268,0.42282528765396654,0.42430430769629296
0.1931931931931932,0.4326842996674093,0.4332543119163474
0.19369369369369369,0.40260643163439885,0.4125242204292754
0.1941941941941942,0.4335311675577674,0.4346948580381431
0.1946946946946947,0.4260177888371596,0.4282755197895129
0.19519519519519518,0.3978565921695021,0.40468623799400943
0.1956956956956957,0.43346777740875597,0.43628293828705833
0.1961961961961962,0.39242926309098913,0.3953231362589072
0.1966966966966967,0.3982546396483929,0.4075140075292953
0.1971971971971972,0.39145901204988653,0.39872217648915576
0.1976976976976977,0.4094508206537514,0.4180513959379692
0.1981981981981982,0.4139787679490309,0.4173102718637424
0.1986986986986987,0.42282812345232174,0.42626872629724005
0.1991991991991992,0.35925016629036954,0.3630562560836059
0.1996996996996997,0.3953253835882715,0.4020180891703531
0.2002002002002002,0.39551683639686425,0.3984873949927021
0.2007007007007007,0.43084374067975006,0.43841464071261677
0.2012012012012012,0.46329896106731194,0.47423289566144583
0.2017017017017017,0.40724156101363906,0.41317672946695605
0.2022022022022022,0.41025925098827387,0.415867059292635
0.20270270270270271,0.40714661964706456,0.4146420562893633
0.2032032032032032,0.40696760709120167,0.41168517733452625
0.2037037037037037,0.39185662016748235,0.4004642817877476
0.2042042042042042,0.4646375162244436,0.4660578456273841
0.2047047047047047,0.4165888784896601,0.42792643072672876
0.20520520520520522,0.38664425255843177,0.38848491720617434
0.2057057057057057,0.3910463783461493,0.3978315619379087
0.2062062062062062,0.44406670737408427,0.44682734936048857
0.2067067067067067,0.4009515879448835,0.4099200141321208
0.2072072072072072,0.4075538285803694,0.4080250423392745
0.20770770770770772,0.4026923407048555,0.4066744861658728
0.2082082082082082,0.391216444098033,0.3938390646955316
0.2087087087087087,0.3977027507516199,0.40824694277873347
0.2092092092092092,0.3990516764817018,0.40416313459263314
0.2097097097097097,0.4347719101934697,0.44265860256281436
0.21021021021021022,0.37410560736375825,0.38263565478256234
0.2107107107107107,0.3921372724681812,0.39561684763655586
0.21121121121121122,0.37381068183278426,0.3803207222808363
0.21171171171171171,0.38202344886046524,0.38702306991505625
0.2122122122122122,0.3549607766960181,0.3582153072806305
0.21271271271271272,0.37647779916694507,0.38439463366995824
0.2132132132132132,0.38872370239059273,0.3902277168127783
0.21371371371371373,0.3743341386830432,0.37618964519950804
0.21421421421421422,0.4286647647568235,0.4325562774663802
0.2147147147147147,0.3754873535497949,0.3830980933894145
0.21521521521521522,0.3416835856967859,0.3461398605628589
0.2157157157157157,0.3889553504172495,0.3901869057505542
0.21621621621621623,0.32818466540621744,0.3312558165317263
0.21671671671671672,0.35832747017394295,0.3644645052136317
0.2172172172172172,0.350539896399938,0.35394189397346654
0.21771771771771772,0.38839627400430066,0.3946530117141054
0.2182182182182182,0.3852740283217545,0.38898518827923545
0.21871871871871873,0.3683367847794901,0.37675596507099013
0.21921921921921922,0.3815229303973156,0.3871570717724161
0.2197197197197197,0.3553915488081385,0.35793908143028397
0.22022022022022023,0.37191389600442104,0.3751290732637187
0.22072072072072071,0.38573836276601353,0.3883233414259897
0.22122122122122123,0.33820553439995793,0.3592687204390001
0.22172172172172172,0.3913336706345936,0.40008102348020486
0.2222222222222222,0.392714125185629,0.3970866194086879
0.22272272272272273,0.3484227348677764,0.36285805740689375
0.22322322322322322,0.39613871426065134,0.4036977112798057
0.22372372372372373,0.3963893304194761,0.3974663061952451
0.22422422422422422,0.3901259268870175,0.3907668587643508
0.2247247247247247,0.38888620085172787,0.3930180148187802
0.22522522522522523,0.3763817197562547,0.3789254193801809
0.22572572572572572,0.36335378558716475,0.38205309701955603
0.22622622622622623,0.40597679673358333,0.41091109263645065
0.22672672672672672,0.328709402253058,0.33056704078980725
0.22722722722722724,0.3730570062810752,0.3763810084988185
0.22772772772772773,0.3331311396084598,0.3385494056811334
0.22822822822822822,0.33923859162886866,0.34636247105419576
0.22872872872872874,0.37192843643829343,0.3778720739593667
0.22922922922922923,0.3714941071682717,0.3731489047154776
0.22972972972972974,0.37856924912467393,0.38410670788439855
0.23023023023023023,0.37012468874017695,0.3769610445389618
0.23073073073073072,0.3950413818079045,0.39967032635886346
0.23123123123123124,0.3618803749096248,0.3739862510258394
0.23173173173173173,0.3982147824490006,0.41003960764972325
0.23223223223223224,0.3580786917527615,0.36591192883356916
0.23273273273273273,0.3169149368616282,0.3220558242883246
0.23323323323323322,0.3589261895478442,0.3670454132458381
0.23373373373373374,0.35719670068488835,0.35777622033525125
0.23423423423423423,0.3725516290618854,0.3743962414144535
0.23473473473473475,0.34697570837137204,0.3548031735847516
0.23523523523523523,0.3500391707975912,0.3563798398981697
0.23573573573573572,0.38799131417678023,0.3900293493087967
0.23623623623623624,0.2954769036062625,0.30419191841704674
0.23673673673673673,0.3577861551155763,0.365603849452095
0.23723723723723725,0.3464151258905805,0.34757836496814354
0.23773773773773774,0.3386759717755432,0.33918780792724884
0.23823823823823823,0.30983649001168306,0.3099345022784444
0.23873873873873874,0.3557221344414558,0.3616138731531069
0.23923923923923923,0.3660806688253646,0.36884952599442006
0.23973973973973975,0.3349205754710019,0.33740045322604717
0.24024024024024024,0.32072434029935765,0.321940546107993
0.24074074074074073,0.3248301138972023,0.33641750102068807
0.24124124124124124,0.29142626165301955,0.2951226213096837
0.24174174174174173,0.36777705706232855,0.3720157930933937
0.24224224224224225,0.314386386494537,0.3173147575994172
0.24274274274274274,0.32990180833318344,0.3302282052114599
0.24324324324324326,0.35916101404857703,0.3678906140056843
0.24374374374374375,0.3266861190865104,0.33264987826397696
0.24424424424424424,0.3486344612559439,0.35113417418995574
0.24474474474474475,0.3249141103849251,0.334052270925637
0.24524524524524524,0.3741106658681146,0.3747306206461139
0.24574574574574576,0.342519832050144,0.3536751445618662
0.24624624624624625,0.31490147584664785,0.3190680872253202
0.24674674674674674,0.3647952676088272,0.36858698627919434
0.24724724724724725,0.34541826944264853,0.3454316718362869
0.24774774774774774,0.3559882903249919,0.3609043098210843
0.24824824824824826,0.3115100457249018,0.3206968259244537
0.24874874874874875,0.3403237421710555,0.3469774350475044
0.24924924924924924,0.35531910051057297,0.35682195168146036
0.24974974974974976,0.2909142690283062,0.29462665249330283
0.2502502502502503,0.36806084315617515,0.3684819338076367
0.25075075075075076,0.3612864860840792,0.3632015081635608
0.25125125125125125,0.2968675136836113,0.30955251866848016
0.25175175175175174,0.3102424102379789,0.3185445039600256
0.25225225225225223,0.2952772847783727,0.2979020609512159
0.2527527527527528,0.339204293820213,0.3413061026865169
0.25325325325325326,0.3102448127780826,0.32217174862395254
0.25375375375375375,0.33982159610911644,0.34386000700848773
0.25425425425425424,0.35328520883456727,0.3546172241840067
0.25475475475475473,0.36780108192402045,0.3700070274789499
0.2552552552552553,0.32803919925853575,0.330201757088982
0.25575575575575576,0.31174853794807256,0.319375665876759
0.25625625625625625,0.30311811806060895,0.3090563459488864
0.25675675675675674,0.32869868298627747,0.3406653860045822
0.25725725725725723,0.31669570385273393,0.3220998632305621
0.2577577577577578,0.29763439513613693,0.29836321346317424
0.25825825825825827,0.295730048156379,0.307677675961083
0.25875875875875876,0.30912385230018813,0.3104890099643897
0.25925925925925924,0.3348935695990707,0.34467347680493443
0.25975975975975973,0.3187104929614382,0.32111497742121925
0.2602602602602603,0.3455121197571871,0.35445842968688657
0.26076076076076077,0.28971698601575874,0.2993052632633966
0.26126126126126126,0.3307563786002964,0.3421556720892747
0.26176176176176175,0.29989631677470996,0.30462918833280134
0.26226226226226224,0.3027481743857221,0.3124699639389194
0.2627627627627628,0.2947617641032724,0.29936714613443655
0.26326326326326327,0.28822848917551425,0.28830409582442346
0.26376376376376376,0.3359374588690147,0.34028227901058017
0.26426426426426425,0.3132884881579539,0.31413845888211245
0.26476476476476474,0.3189006047883282,0.31907214580031484
0.2652652652652653,0.29274795537418297,0.3017434438774866
0.26576576576576577,0.27757516911147895,0.286116391242234
0.26626626626626626,0.2964404458035002,0.3023658968435396
0.26676676676676675,0.31135848738930166,0.3129272352408879
0.2672672672672673,0.3313358168165573,0.33738967427573496
0.2677677677677678,0.2932172134404876,0.296231374377
0.2682682682682683,0.30646010622025444,0.3125600843509431
0.26876876876876876,0.27825290906203604,0.2957038089325981
0.26926926926926925,0.2717431145067625,0.2741172503943307
0.2697697697697698,0.3033141253398659,0.3140630928656129
0.2702702702702703,0.3448621134141352,0.3484992047089545
0.2707707707707708,0.2874285339962603,0.2955938996154289
0.27127127127127126,0.2668681688277446,0.26852247101132903
0.27177177177177175,0.33267895059099684,0.33643721234391394
0.2722722722722723,0.29806302179544686,0.3055304020178252
0.2727727727727728,0.31152960452314726,0.3164684203208039
0.2732732732732733,0.2521292629351164,0.25415096864197895
0.27377377377377377,0.2908051074929338,0.29423270298552484
0.27427427427427425,0.2750818110281174,0.2786827456692308
0.2747747747747748,0.26420117659470244,0.26841297868182085
0.2752752752752753,0.2760854599398074,0.2820542380264283
0.2757757757757758,0.277859446145454,0.28575059691813554
0.27627627627627627,0.2913352522495405,0.29313451708178323
0.27677677677677676,0.28511377294799917,0.28805423410258524
0.2772772772772773,0.32428777548028076,0.3318751329112429
0.2777777777777778,0.28227333591169035,0.28741693924090467
0.2782782782782783,0.26561335068468994,0.26721434992430887
0.27877877877877877,0.32486503353080776,0.32720396780234884
0.27927927927927926,0.32145338982120514,0.3251547040741674
0.2797797797797798,0.3037266792432678,0.3117777719314754
0.2802802802802803,0.30607326121125183,0.30835007942356213
0.2807807807807808,0.2604314887153029,0.26169257720472183
0.28128128128128127,0.26096152790555194,0.26710687761233504
0.28178178178178176,0.28300161190577866,0.2886286519638223
0.2822822822822823,0.2610632181240597,0.2616982350972249
0.2827827827827828,0.28332157941404323,0.2838798207310177
0.2832832832832833,0.2927319520065434,0.29624129225973106
0.28378378378378377,0.29681071929487757,0.3005130747064602
0.28428428428428426,0.2726467703831126,0.27925191159565144
0.2847847847847848,0.2736967604155892,0.28049496933453705
0.2852852852852853,0.2765079907395348,0.283914770707385
0.2857857857857858,0.27151818647312864,0.27581082074754226
0.2862862862862863,0.260237543791611,0.2623340404450279
0.28678678678678676,0.33444142838029267,0.3456912371966945
0.2872872872872873,0.26386601066427595,0.2705010028201625
0.2877877877877878,0.26485737044686164,0.2744771395286258
0.2882882882882883,0.30178416084362536,0.31154568916745584
0.2887887887887888,0.2506479135321205,0.25481945044456916
0.28928928928928926,0.30222232471648963,0.3118762733504146
0.2897897897897898,0.29575036735670834,0.3019849474606154
0.2902902902902903,0.2489712441590278,0.25178020702781767
0.2907907907907908,0.2913102583212517,0.2979003306398098
0.2912912912912913,0.26835243317872826,0.2824073269420847
0.29179179179179177,0.2556559217794151,0.26534698425125525
0.2922922922922923,0.30842200234749084,0.3223675819357256
0.2927927927927928,0.23750749631765034,0.2613819124727661
0.2932932932932933,0.28043955010423344,0.2875612900614027
0.2937937937937938,0.21719014055330743,0.21719039591278383
0.29429429429429427,0.29337709502062503,0.29537689533413714
0.2947947947947948,0.2787805235147555,0.286467590026974
0.2952952952952953,0.29188407538237515,0.2978756588493003
0.2957957957957958,0.23433732186645703,0.24189534450564174
0.2962962962962963,0.2930464131301399,0.2938156728952247
0.29679679679679677,0.2710019673495332,0.2710306115524594
0.2972972972972973,0.23645796794298762,0.2472234597494592
0.2977977977977978,0.265115994372285,0.2806440719368139
0.2982982982982983,0.24933112976481006,0.2513818407723956
0.2987987987987988,0.23356547706744493,0.25257833536524793
0.2992992992992993,0.27663611251536313,0.2964968376374164
0.2997997997997998,0.22107611129455185,0.2364317772684495
0.3003003003003003,0.27794195695391954,0.28083629966513485
0.3008008008008008,0.2634344170767966,0.27004814739384186
0.3013013013013013,0.2646121242405245,0.2664167272954011
0.30180180180180183,0.28417600858031256,0.2907844066524784
0.3023023023023023,0.2873516364093912,0.2887004671791434
0.3028028028028028,0.28450393716976025,0.2910584295396995
0.3033033033033033,0.24758273659439398,0.25327860585965006
0.3038038038038038,0.26033427019257266,0.26702492023845414
0.30430430430430433,0.22893262912310133,0.23505223554410137
0.3048048048048048,0.24288543078576041,0.24290784597362014
0.3053053053053053,0.24966605643375225,0.26644431537085334
0.3058058058058058,0.2519112402571929,0.2527799072597779
0.3063063063063063,0.20189968803577776,0.2219188250631581
0.30680680680680683,0.27178880194640576,0.28578072788501047
0.3073073073073073,0.21205599809639097,0.2248716053867591
0.3078078078078078,0.27840668260158097,0.28110582695094677
0.3083083083083083,0.27262153716813137,0.27394817083430045
0.3088088088088088,0.2567493476490138,0.2571087681024726
0.30930930930930933,0.2200023075194132,0.2277506641767383
0.3098098098098098,0.2515078698813573,0.25160236992099516
0.3103103103103103,0.27799004542712424,0.27979833706890705
0.3108108108108108,0.25730490715565507,0.25882784341275156
0.3113113113113113,0.23005062291254694,0.23152798672183938
0.31181181181181183,0.27565182088351425,0.3003796851443345
0.3123123123123123,0.2862725346213002,0.28930808874663383
0.3128128128128128,0.2282396844493098,0.22851458686711182
0.3133133133133133,0.2712020738648798,0.2822451258341749
0.3138138138138138,0.2566364858349388,0.25678083203840013
0.31431431431431434,0.25899108992062186,0.2678892189480152
0.3148148148148148,0.2544948562401435,0.25489785909277035
0.3153153153153153,0.2514090137253021,0.2619267183521924
0.3158158158158158,0.23099190554199012,0.2391967222339538
0.3163163163163163,0.25763517594988133,0.26559114509905835
0.31681681681681684,0.2574354113734807,0.26533892017625504
0.3173173173173173,0.25104533598566864,0.27097940533102666
0.3178178178178178,0.2580430639283914,0.2690007840800591
0.3183183183183183,0.27260727303210247,0.27884473531718335
0.3188188188188188,0.259792558725793,0.26388568992771666
0.31931931931931934,0.22707027366442442,0.23728415211122167
0.31981981981981983,0.2055421002184493,0.20657693282515058
0.3203203203203203,0.2507893338198981,0.2508093555718547
0.3208208208208208,0.2645808172016248,0.2646264920929601
0.3213213213213213,0.23827080965110775,0.2440190740031109
0.32182182182182184,0.27477794675434597,0.2827168562904412
0.32232232232232233,0.2374543376446579,0.23869494657542112
0.3228228228228228,0.22819470935745806,0.2379354092781659
0.3233233233233233,0.2478171948379263,0.2482457651452311
0.3238238238238238,0.2627977942943489,0.27484546298912277
0.32432432432432434,0.23517194312962716,0.24619640879291485
0.32482482482482483,0.2287312523825767,0.23353541058296376
0.3253253253253253,0.23561273560670037,0.23969407464425124
0.3258258258258258,0.25038436488581634,0.2591043860758885
0.3263263263263263,0.21150673634289752,0.2165063814076342
0.32682682682682684,0.2216950357172745,0.22291313374970992
0.32732732732732733,0.2151162370355256,0.2200531004465994
0.3278278278278278,0.23571876585717924,0.23834847302167372
0.3283283283283283,0.23747029440585266,0.2392376283924028
0.32882882882882886,0.2825031965578114,0.28410598542047033
0.32932932932932935,0.26822407884708177,0.2702370890637164
0.32982982982982983,0.2403695730252845,0.24364626952971008
0.3303303303303303,0.2031955904604554,0.21713174095639898
0.3308308308308308,0.2513635701691762,0.2534793595940919
0.33133133133133136,0.18567766387852838,0.18567767121694329
0.33183183183183185,0.23890913876535322,0.24278032672299582
0.33233233233233234,0.21947946602813087,0.22147867971194027
0.3328328328328328,0.23483181599651382,0.2426709154798314
0.3333333333333333,0.24800391840660788,0.2566140842341483
0.33383383383383386,0.21850115342360066,0.23070278884383977
0.33433433433433435,0.2025204472029068,0.20663653147081792
0.33483483483483484,0.24376473338395044,0.2458867462128481
0.3353353353353353,0.20017162203869537,0.2037949652542814
0.3358358358358358,0.21147279578892852,0.21232059893173905
0.33633633633633636,0.24870601471082066,0.26105918564069225
0.33683683683683685,0.22365176961879213,0.2247296845295176
0.33733733733733734,0.20815722001320489,0.21805277897275777
0.33783783783783783,0.236577325406873,0.23957822434728013
0.3383383383383383,0.2628470330815536,0.268989637911159
0.33883883883883886,0.2512241770277253,0.2600772750753395
0.33933933933933935,0.21304635000065147,0.21911661815223268
0.33983983983983984,0.24096998668093234,0.24098640457925288
0.34034034034034033,0.24563236646642556,0.24869458817664306
0.3408408408408408,0.23421997999590297,0.23799077327583973
0.34134134134134136,0.21445110686436253,0.22250576846729206
0.34184184184184185,0.19406509543247108,0.20538816050638203
0.34234234234234234,0.24158795130107852,0.24502682467319264
0.34284284284284283,0.2124164265799702,0.234233596443132
0.3433433433433433,0.2647856451611523,0.27763261373107073
0.34384384384384387,0.2416429736963626,0.24283943420800547
0.34434434434434436,0.2537703406682188,0.25626189904697033
0.34484484484484484,0.19205077822180022,0.19813408319355338
0.34534534534534533,0.25104277686103726,0.25306800148354186
0.3458458458458458,0.21133817595600113,0.2175768977350011
0.34634634634634637,0.15666235857134553,0.1761303540572858
0.34684684684684686,0.20286589230931412,0.2031909942221974
0.34734734734734735,0.23814808501196993,0.24433310216864754
0.34784784784784784,0.1662152252741611,0.18705054449444306
0.3483483483483483,0.2061305851106056,0.2064285300901357
0.34884884884884887,0.19161051572809634,0.1917841469692171
0.34934934934934936,0.23328520378297185,0.23438841669075455
0.34984984984984985,0.1863226502093614,0.19886424404434555
0.35035035035035034,0.1877990146798314,0.21517525658322306
0.3508508508508508,0.21735216445393754,0.22137300141342164
0.35135135135135137,0.2011911488142388,0.22044984397787873
0.35185185185185186,0.17588560331535352,0.1771934504522547
0.35235235235235235,0.1862409873503672,0.18658555140618066
0.35285285285285284,0.1938459151905836,0.20208899052877521
0.3533533533533533,0.19896624657015674,0.20458453498060608
0.3538538538538539,0.22746947129895068,0.2313735504288701
0.35435435435435436,0.18243388995941032,0.19211187821945222
0.35485485485485485,0.24515050577315733,0.24620942975293472
0.35535535535535534,0.20682215540997623,0.22975685695157205
0.35585585585585583,0.20274832554472672,0.21418413097446865
0.3563563563563564,0.2212734960564367,0.23219286778787968
0.35685685685685686,0.23493796498846004,0.23576516984473822
0.35735735735735735,0.23020856850391647,0.2308031390461258
0.35785785785785784,0.2117085242673861,0.21880857462381956
0.35835835835835833,0.21177116464638374,0.21225015866760666
0.3588588588588589,0.21349595202747004,0.21644093393000474
0.35935935935935936,0.17083602810158474,0.1756454742647508
0.35985985985985985,0.21927959035501987,0.2218948814161003
0.36036036036036034,0.18570485359496058,0.18578957666553936
0.3608608608608609,0.20819853602532637,0.21185096993340877
0.3613613613613614,0.21757160250303625,0.22106422313714208
0.36186186186186187,0.2801698437579366,0.28678464474400356
0.36236236236236236,0.19240790553663645,0.19530883311593042
0.36286286286286284,0.20489175419712846,0.20820930155230483
0.3633633633633634,0.21030969476538755,0.2124796599199822
0.3638638638638639,0.1952201338660926,0.19691818292027338
0.36436436436436437,0.2182390790871017,0.2227222391611337
0.36486486486486486,0.16778598710504478,0.173647694193397
0.36536536536536535,0.24034158988953533,0.2621740879058085
0.3658658658658659,0.17465343044431597,0.1783674756777925
0.3663663663663664,0.18354209366690327,0.1935547821368657
0.36686686686686687,0.17678900044641238,0.17768591281174834
0.36736736736736736,0.16864052500952587,0.18376202928976434
0.36786786786786785,0.17808338927580053,0.18020771672743102
0.3683683683683684,0.19373076142571444,0.19373088811911446
0.3688688688688689,0.17434147654386334,0.17942682526881867
0.36936936936936937,0.19806326036747662,0.21683762399506643
0.36986986986986986,0.18497426120945543,0.18756836340580108
0.37037037037037035,0.2264152443103975,0.23176215802060243
0.3708708708708709,0.20230724851375703,0.2025032845213282
0.3713713713713714,0.20435161384462408,0.2093318101724327
0.3718718718718719,0.15085054665706155,0.15188020969381089
0.37237237237237236,0.22592810247480577,0.22799062222012234
0.37287287287287285,0.1655955984995029,0.18462587080557136
0.3733733733733734,0.24039325319620763,0.24371245244352555
0.3738738738738739,0.23932191144736803,0.2396325390903082
0.3743743743743744,0.19000579887591074,0.19270357333983706
0.37487487487487486,0.1377520813861631,0.13915409444777793
0.37537537537537535,0.2146175964053138,0.21702442452881315
0.3758758758758759,0.21095296070258746,0.21962402032679978
0.3763763763763764,0.1665477087690009,0.1703345929225209
0.3768768768768769,0.20801203004472557,0.2151300552358642
0.37737737737737737,0.2105137415610648,0.21171679178231617
0.37787787787787785,0.15195518691354298,0.15412098736854188
0.3783783783783784,0.19006595199672563,0.19553198654582593
0.3788788788788789,0.17852379956968087,0.1829682100395212
0.3793793793793794,0.17800187594441436,0.19044331520770386
0.37987987987987987,0.2224495018169248,0.2261854776142791
0.38038038038038036,0.17829418356283122,0.1795429291268336
0.3808808808808809,0.20721140908538493,0.2104949219170776
0.3813813813813814,0.14934689822143477,0.1494234171508714
0.3818818818818819,0.2020413824109794,0.20408921385717482
0.38238238238238237,0.2083134065054632,0.21603930570853921
0.38288288288288286,0.19247735459763404,0.1944217620798682
0.3833833833833834,0.1477922690320937,0.15385247834115331
0.3838838838838839,0.1387379993587774,0.15318648265890195
0.3843843843843844,0.225158873113208,0.22572050136495783
0.38488488488488487,0.21184263086118577,0.21186903784643485
0.38538538538538536,0.18141938601426288,0.1920692040943016
0.3858858858858859,0.12901666564862665,0.13424044623823195
0.3863863863863864,0.22746303300932413,0.22792579693731846
0.3868868868868869,0.19850645129278652,0.20167624493527175
0.38738738738738737,0.1691667427520121,0.1740502749791029
0.38788788788788786,0.17926886381120305,0.18414815887166133
0.3883883883883884,0.1825757728015428,0.1863052164744735
0.3888888888888889,0.17190808309215272,0.17908527105866273
0.3893893893893894,0.20199432702280407,0.20321834893251733
0.3898898898898899,0.19565588311172172,0.19621632674686426
0.39039039039039036,0.22325253793357064,0.22456369246742278
0.3908908908908909,0.1487167273030116,0.15369797132364274
0.3913913913913914,0.20667871472733268,0.21814629246198505
0.3918918918918919,0.1864410935980909,0.18644995970908848
0.3923923923923924,0.19977938468684192,0.20027895646817703
0.3928928928928929,0.12174919975704485,0.13403229283967003
0.3933933933933934,0.19882710928926506,0.21514845407950975
0.3938938938938939,0.1334676580329152,0.1561256237774576
0.3943943943943944,0.20077953161821036,0.20689608668616943
0.3948948948948949,0.21051549055532148,0.2145979392104379
0.3953953953953954,0.1950066449669833,0.19523470603674015
0.3958958958958959,0.198054868279775,0.1990250214446467
0.3963963963963964,0.1528610475247738,0.1530385669171975
0.3968968968968969,0.1750939628364216,0.17890560516476856
0.3973973973973974,0.20500627853781578,0.2145460636205945
0.3978978978978979,0.17959603356356751,0.17990332673880746
0.3983983983983984,0.14067200113846678,0.15502087413985557
0.3988988988988989,0.1446376041518147,0.14795544052793913
0.3993993993993994,0.17965586870417716,0.17984348261272046
0.3998998998998999,0.15269000587890602,0.15811729675076341
0.4004004004004004,0.1898139692939405,0.1999894578341071
0.4009009009009009,0.15157138614251253,0.15937043671817988
0.4014014014014014,0.1653264378282878,0.16537569869144983
0.4019019019019019,0.18010819439134734,0.1851761795656663
0.4024024024024024,0.1948112060697012,0.19815239246829452
0.4029029029029029,0.20558072022362572,0.2108903452302273
0.4034034034034034,0.14353914352614186,0.1455054669470265
0.4039039039039039,0.1438024119716838,0.14696090530481024
0.4044044044044044,0.13312686001792956,0.1370430048922778
0.4049049049049049,0.1543260214239845,0.1544018934023663
0.40540540540540543,0.14896012149928028,0.1490658981061519
0.4059059059059059,0.16198594049837506,0.16658677716324422
0.4064064064064064,0.1778687880973257,0.21073682750188105
0.4069069069069069,0.17561558800580862,0.1820934927657681
0.4074074074074074,0.15310765452787023,0.15621119471825917
0.40790790790790793,0.13021600104220987,0.1343688985833601
0.4084084084084084,0.13698271439641937,0.14425625761501334
0.4089089089089089,0.16045681021975058,0.17414486644835625
0.4094094094094094,0.14787606700901995,0.16014238456360247
0.4099099099099099,0.1740713711621249,0.1753088086829752
0.41041041041041043,0.14991624838177026,0.15706334909548142
0.4109109109109109,0.13136995053419587,0.13535178791516606
0.4114114114114114,0.1329604500326587,0.14013156604905283
0.4119119119119119,0.16824662030410642,0.1684192958174505
0.4124124124124124,0.16687546139273712,0.1753586866872778
0.41291291291291293,0.12426978495601228,0.13306245505549527
0.4134134134134134,0.08253528206986224,0.10051767885040577
0.4139139139139139,0.18496070797087272,0.18782409064805117
0.4144144144144144,0.1884860960199638,0.18946395494016466
0.4149149149149149,0.19167789008889563,0.19167790671415816
0.41541541541541543,0.19883944373169427,0.1998477082048088
0.4159159159159159,0.16876411645446013,0.16905511432956635
0.4164164164164164,0.21359629614607473,0.21392797744431855
0.4169169169169169,0.12736489626576225,0.15046727454520203
0.4174174174174174,0.18946032672372098,0.18983550833552892
0.41791791791791794,0.18166387026420328,0.18176772503743222
0.4184184184184184,0.15050687475287666,0.15066667408485612
0.4189189189189189,0.18932389435844574,0.19664264827556496
0.4194194194194194,0.10649548479415519,0.10773850848943844
0.4199199199199199,0.20337203407332416,0.21364277247925514
0.42042042042042044,0.14618623615037218,0.15203270980776257
0.4209209209209209,0.16608781259894578,0.1661126623578947
0.4214214214214214,0.1777374049766163,0.18384033138439282
0.4219219219219219,0.16266515108597462,0.17174927785696434
0.42242242242242245,0.1378765091945784,0.13791064125345806
0.42292292292292294,0.1333876657547523,0.1518423604066211
0.42342342342342343,0.1678580521474785,0.17805919346626115
0.4239239239239239,0.15624932392938218,0.1563011134208336
0.4244244244244244,0.1264928633346225,0.13850482166925968
0.42492492492492495,0.11928325813273914,0.11995921482837042
0.42542542542542544,0.19333418407167358,0.1969384585807292
0.42592592592592593,0.12003439594095225,0.12965976798064077
0.4264264264264264,0.13644948335074056,0.13795769969752691
0.4269269269269269,0.1645875515275878,0.17453202369595897
0.42742742742742745,0.1752309565642166,0.17541678427061985
0.42792792792792794,0.16952262802145487,0.17695315910602524
0.42842842842842843,0.15539384849395796,0.1554505957117968
0.4289289289289289,0.11818758983989011,0.11997842194370929
0.4294294294294294,0.13928734954066596,0.1399429749255608
0.42992992992992995,0.14675305143876222,0.1472417180428773
0.43043043043043044,0.13467762424836072,0.1363493335554986
0.43093093093093093,0.16094060703092528,0.16897188995566556
0.4314314314314314,0.2015926054606726,0.2036613686092009
0.4319319319319319,0.1855330157848959,0.1856082048137418
0.43243243243243246,0.15272618243318176,0.160874454013281
0.43293293293293295,0.1310987434526861,0.13340488024287853
0.43343343343343343,0.17289650916628008,0.17621183496940943
0.4339339339339339,0.1647771435659166,0.16868086597144058
0.4344344344344344,0.2047976977771951,0.20520638186498777
0.43493493493493496,0.16139427688557387,0.16368448047936957
0.43543543543543545,0.1626146034843766,0.16265044705728043
0.43593593593593594,0.17948474123099767,0.1849514189408026
0.4364364364364364,0.19424268500844152,0.1961921072735201
0.4369369369369369,0.1485969705714546,0.16154317305237545
0.43743743743743746,0.12336020021607283,0.13285836010573088
0.43793793793793795,0.148599638399991,0.151704578363026
0.43843843843843844,0.16119725557185013,0.16124039505167614
0.4389389389389389,0.13770135681631218,0.13799179318437743
0.4394394394394394,0.1142256100432679,0.12059657929159291
0.43993993993993996,0.1674337474275606,0.16747676067296013
0.44044044044044045,0.18405322136057353,0.1842301584751588
0.44094094094094094,0.17381233004156796,0.174553296401681
0.44144144144144143,0.13603196839296744,0.1420225218476664
0.4419419419419419,0.126115466462297,0.14816734358781167
0.44244244244244246,0.1389267252803283,0.15218469052074096
0.44294294294294295,0.1618422963133453,0.16516360041000713
0.44344344344344344,0.12063246196172311,0.12522800515729618
0.44394394394394393,0.15909355226855362,0.15933785509673545
0.4444444444444444,0.1507448800862869,0.15122127884105027
0.44494494494494496,0.13697840389347726,0.1401027627014252
0.44544544544544545,0.12469414574625139,0.12497090948093723
0.44594594594594594,0.12241473830019114,0.12380930151457636
0.44644644644644643,0.14782113853862508,0.16094721728595712
0.4469469469469469,0.15314904800488865,0.15498383565243565
0.44744744744744747,0.11236378170322495,0.11352834124004593
0.44794794794794796,0.2023064519625812,0.2126937110424409
0.44844844844844844,0.139225991078173,0.13922832256386009
0.44894894894894893,0.12853706051751762,0.12978311678942142
0.4494494494494494,0.18933420038068305,0.19244695583051333
0.44994994994994997,0.08047593151152944,0.09022730171829876
0.45045045045045046,0.09795802321987761,0.11060471312584226
0.45095095095095095,0.07791625772262874,0.0800741083229658
0.45145145145145144,0.14226519444708402,0.14386950101546736
0.4519519519519519,0.14040136375181073,0.14048007647020036
0.45245245245245247,0.1489530653211561,0.1498144222208933
0.45295295295295296,0.165746060906454,0.16582962113179134
0.45345345345345345,0.148565201070879,0.15196959224995288
0.45395395395395394,0.1668852027848275,0.1719055226223358
0.4544544544544545,0.11648576087370888,0.12544150717598782
0.45495495495495497,0.15757067349221884,0.15831531671430174
0.45545545545545546,0.11213276686615635,0.11285261096720697
0.45595595595595595,0.11571972375660039,0.11839138766214884
0.45645645645645644,0.17949333818887653,0.18113850888666022
0.456956956956957,0.09904752255615458,0.10188883024436478
0.4574574574574575,0.14928912975504205,0.1625750155615003
0.45795795795795796,0.147686955749049,0.15114347622235577
0.45845845845845845,0.1288960795063343,0.1297877397942426
0.45895895895895894,0.09803025329645437,0.0980765310023062
0.4594594594594595,0.15382692164071138,0.15461102270264715
0.45995995995996,0.1644277231989615,0.1702857443266792
0.46046046046046046,0.14185535953217984,0.14634641592265554
0.46096096096096095,0.1275564260088012,0.14237614762944067
0.46146146146146144,0.1101331568076516,0.110587711069877
0.461961961961962,0.13954679959527932,0.1570629178319952
0.4624624624624625,0.11099355095798225,0.11958582577170944
0.46296296296296297,0.1418730147664787,0.1605413705278219
0.46346346346346345,0.13959623225635975,0.144113535362838
0.46396396396396394,0.1429148360608158,0.15319712837868107
0.4644644644644645,0.18117023079148703,0.183701354059365
0.464964964964965,0.059062661703038366,0.07799345688766514
0.46546546546546547,0.10571473452244644,0.10921801436801418
0.46596596596596596,0.1056522620288082,0.11374213776275909
0.46646646646646645,0.1926727337325704,0.19371842441632725
0.466966966966967,0.1614147145333501,0.16176102131593326
0.4674674674674675,0.18285330364788077,0.18753859970294603
0.46796796796796797,0.1353010906920089,0.13601297068217616
0.46846846846846846,0.11904511312603303,0.12063410122193899
0.46896896896896895,0.14263537580351393,0.15485308939507142
0.4694694694694695,0.17570414436349513,0.17678798603810678
0.46996996996997,0.08558381344746861,0.08592297345288745
0.47047047047047047,0.08214750698619697,0.0828993125924776
0.47097097097097096,0.15888167607588372,0.16587901005350433
0.47147147147147145,0.18299268205598726,0.18618246881391692
0.471971971971972,0.12618264223315517,0.1311571164813249
0.4724724724724725,0.13115355306740048,0.13607132951329917
0.47297297297297297,0.07842236197762883,0.0896192670348582
0.47347347347347346,0.16976337221351767,0.16982686691395943
0.47397397397397395,0.12593439894842642,0.12594683346222532
0.4744744744744745,0.1219787414748981,0.1227473148064833
0.474974974974975,0.12533121400201847,0.14965581375480563
0.4754754754754755,0.1419660165413552,0.15254820720683906
0.47597597597597596,0.12767229623986504,0.12913332223270252
0.47647647647647645,0.09652257893942391,0.1110686535191561
0.476976976976977,0.1438411372016189,0.1688354957668355
0.4774774774774775,0.10312240693291833,0.10796664957668929
0.477977977977978,0.12197707646233105,0.13485002526933274
0.47847847847847846,0.14673285013646004,0.14716452919261763
0.47897897897897895,0.10071954624508636,0.10124617900840087
0.4794794794794795,0.0560497846858562,0.06108335037907502
0.47997997997998,0.1348110692092833,0.13642255106661913
0.4804804804804805,0.1352343461537962,0.13604445679718516
0.48098098098098097,0.15066602661021294,0.15216867102860346
0.48148148148148145,0.10975729363952014,0.11074353010542962
0.481981981981982,0.07795055178659158,0.07835900952686875
0.4824824824824825,0.13939994528780073,0.1430932898836741
0.482982982982983,0.09598779636873049,0.09674261363041749
0.48348348348348347,0.11107991574066432,0.12047949852426823
0.48398398398398396,0.1260408769831651,0.14016641483434034
0.4844844844844845,0.1443829785678426,0.15466608541182178
0.484984984984985,0.11625990723220779,0.11645198210778407
0.4854854854854855,0.15142864939303757,0.15906608592477078
0.48598598598598597,0.09083109512625724,0.09984054598495536
0.4864864864864865,0.10414323023449559,0.10942340281030406
0.486986986986987,0.150359478988023,0.15539453288788152
0.4874874874874875,0.133571267970992,0.1335854869977531
0.487987987987988,0.13079158751715464,0.13915784316951635
0.48848848848848847,0.09003681791387522,0.09470311118093648
0.488988988988989,0.13657048111246858,0.1439084368802064
0.4894894894894895,0.10309861112395499,0.11151735991070562
0.48998998998999,0.12628691132991055,0.12897261101404023
0.4904904904904905,0.09126712605944748,0.09769231550274217
0.49099099099099097,0.08181540786307774,0.08224047853532024
0.4914914914914915,0.11246966505274551,0.11760808661681466
0.491991991991992,0.1408392099665499,0.14276114009289997
0.4924924924924925,0.13826428584856054,0.15569635030210044
0.492992992992993,0.13520705312234982,0.13717344078121682
0.4934934934934935,0.07759903412786227,0.10197342759445686
0.493993993993994,0.11885820472478212,0.13515201318665204
0.4944944944944945,0.15155428071515825,0.15170130764552797
0.494994994994995,0.16358329379696288,0.174159308035859
0.4954954954954955,0.14508515099862376,0.15311557863317307
0.495995995995996,0.10679785701490524,0.11452167672856499
0.4964964964964965,0.08197141166952503,0.10150022741414164
0.496996996996997,0.06826627396567016,0.0684488916203542
0.4974974974974975,0.13854443881926015,0.13974795291292486
0.497997997997998,0.12942079604724366,0.13031210395494278
0.4984984984984985,0.11526495165667044,0.11538213008848883
0.498998998998999,0.12108920953307287,0.16153554316412147
0.4994994994994995,0.13243837328748365,0.13700964877379632
0.5,0.092333285541013,0.09234755950133038
